[
{"question":"Atomic number represents the number of","options":["neutrons","electrons only","protons","nucleons"],"answer":2,"image":""},
{"question":"The mass number of an atom is the sum of","options":["protons and electrons","protons and neutrons","electrons and neutrons","nucleons and electrons"],"answer":1,"image":""},
{"question":"The pH of a neutral solution at 25°C is","options":["0","7","14","1"],"answer":1,"image":""},
{"question":"Avogadro's number is","options":["6.02×10^23","6.02×10^22","3.02×10^23","6.02×10^21"],"answer":0,"image":""},
{"question":"The molar volume of a gas at STP is","options":["22.4 dm³","24 dm³","20 dm³","18 dm³"],"answer":0,"image":""},
{"question":"Which of the following is an alkali metal?","options":["Na","Mg","Cl","O"],"answer":0,"image":""},
{"question":"Covalent bonds involve sharing of","options":["protons","electrons","neutrons","ions"],"answer":1,"image":""},
{"question":"The oxidation number of oxygen in H2O is","options":["+2","-2","+1","0"],"answer":1,"image":""},
{"question":"The main component of natural gas is","options":["ethane","propane","methane","butane"],"answer":2,"image":""},
{"question":"The gas that turns limewater milky is","options":["O2","H2","CO2","N2"],"answer":2,"image":""},

{"question":"The periodic law states that properties of elements are periodic functions of their","options":["mass number","atomic number","neutron number","density"],"answer":1,"image":""},
{"question":"Which of the following is amphoteric?","options":["NaOH","HCl","Al(OH)3","NH3"],"answer":2,"image":""},
{"question":"A catalyst increases reaction rate by","options":["raising temperature","increasing concentration","lowering activation energy","increasing pressure"],"answer":2,"image":""},
{"question":"The empirical formula of C6H12O6 is","options":["CH2O","C2H4O2","CHO","C3H6O3"],"answer":0,"image":""},
{"question":"The functional group in alcohols is","options":["-COOH","-OH","-NH2","-CHO"],"answer":1,"image":""},
{"question":"Electrolysis of water produces","options":["H2 and O2","CO2 and O2","H2 and CO2","O2 only"],"answer":0,"image":""},
{"question":"The hardest natural substance is","options":["graphite","diamond","coal","quartz"],"answer":1,"image":""},
{"question":"Which gas is responsible for acid rain?","options":["CO2","SO2","O2","N2"],"answer":1,"image":""},
{"question":"An isotope differs in number of","options":["protons","electrons","neutrons","nucleons"],"answer":2,"image":""},
{"question":"The oxidation state of Na in NaCl is","options":["-1","+1","0","+2"],"answer":1,"image":""},

{"question":"A strong acid completely","options":["ionizes","dissolves","evaporates","oxidizes"],"answer":0,"image":""},
{"question":"The gas law PV = nRT is called","options":["Boyle's law","Charles' law","Ideal gas law","Avogadro's law"],"answer":2,"image":""},
{"question":"Which element has atomic number 8?","options":["Oxygen","Nitrogen","Carbon","Fluorine"],"answer":0,"image":""},
{"question":"The bond in NaCl is","options":["covalent","metallic","ionic","hydrogen"],"answer":2,"image":""},
{"question":"The valency of carbon is","options":["2","3","4","5"],"answer":2,"image":""},

{"question":"Which of the following is a noble gas?","options":["Ne","Na","Cl","Mg"],"answer":0,"image":""},
{"question":"The oxidation state of hydrogen in HCl is","options":["+1","-1","0","+2"],"answer":0,"image":""},
{"question":"The pH of an acidic solution is","options":[">7","=7","<7","14"],"answer":2,"image":""},
{"question":"One mole of a substance contains","options":["6.02×10^23 particles","22.4 particles","1 particle","10^23 particles"],"answer":0,"image":""},
{"question":"The IUPAC name of CH4 is","options":["ethane","methane","propane","butane"],"answer":1,"image":""},

{"question":"Rusting of iron requires","options":["O2 only","H2O only","O2 and H2O","CO2 only"],"answer":2,"image":""},
{"question":"Which oxide is acidic?","options":["Na2O","MgO","CO2","CaO"],"answer":2,"image":""},
{"question":"The atomic mass unit is based on","options":["hydrogen","carbon-12","oxygen","helium"],"answer":1,"image":""},
{"question":"Which hydrocarbon is unsaturated?","options":["ethane","propane","ethene","butane"],"answer":2,"image":""},
{"question":"The test for starch uses","options":["NaOH","iodine","HCl","litmus"],"answer":1,"image":""},

{"question":"An exothermic reaction releases","options":["heat","gas","light","pressure"],"answer":0,"image":""},
{"question":"The oxidation number of Cl in Cl2 is","options":["+1","-1","0","+2"],"answer":2,"image":""},
{"question":"Which salt undergoes hydrolysis?","options":["NaCl","NH4Cl","KCl","NaNO3"],"answer":1,"image":""},
{"question":"The main ore of aluminium is","options":["hematite","bauxite","galena","limestone"],"answer":1,"image":""},
{"question":"Which gas is used in welding?","options":["Oxygen","Nitrogen","Carbon dioxide","Hydrogen"],"answer":0,"image":""},

{"question":"Electronegativity increases across a period from","options":["right to left","left to right","top to bottom","bottom to top"],"answer":1,"image":""},
{"question":"Which of the following is a base?","options":["HCl","NaOH","CO2","H2SO4"],"answer":1,"image":""},
{"question":"The formula of ammonia is","options":["NH2","NH3","N2H4","NH4"],"answer":1,"image":""},
{"question":"Which compound is organic?","options":["NaCl","H2SO4","C2H5OH","KOH"],"answer":2,"image":""},
{"question":"The product of neutralization is","options":["salt and water","acid and base","gas only","salt only"],"answer":0,"image":""},

{"question":"The valency of oxygen is","options":["1","2","3","4"],"answer":1,"image":""},
{"question":"The periodic table is arranged by increasing","options":["mass number","atomic number","density","valency"],"answer":1,"image":""},
{"question":"Which is a greenhouse gas?","options":["O2","N2","CO2","He"],"answer":2,"image":""},
{"question":"Which is a reducing agent?","options":["loses electrons","gains electrons","neutral","inert"],"answer":0,"image":""},
{"question":"The oxidation number of sulfur in H2SO4 is","options":["+6","+4","-2","+2"],"answer":0,"image":""},

{"question":"Which element is in Group 1?","options":["K","Cl","O","Al"],"answer":0,"image":""},
{"question":"The molarity is moles per","options":["kg","dm³","cm³","m"],"answer":1,"image":""},
{"question":"Hydrocarbons contain only","options":["C and O","C and H","H and O","C only"],"answer":1,"image":""},
{"question":"Which reaction forms ester?","options":["acid + alcohol","base + acid","salt + water","metal + acid"],"answer":0,"image":""},
{"question":"A base turns red litmus","options":["red","blue","green","yellow"],"answer":1,"image":""},

{"question":"The gas used in photosynthesis is","options":["O2","CO2","N2","H2"],"answer":1,"image":""},
{"question":"The oxidation state of Fe in Fe2O3 is","options":["+2","+3","+1","+6"],"answer":1,"image":""},
{"question":"Which is a halogen?","options":["F","Na","Mg","Al"],"answer":0,"image":""},
{"question":"An acid reacts with metal to produce","options":["salt and water","salt and hydrogen","base and gas","oxide only"],"answer":1,"image":""},
{"question":"Which compound is basic oxide?","options":["CO2","SO2","Na2O","NO2"],"answer":2,"image":""},

{"question":"Which is saturated hydrocarbon?","options":["ethene","ethyne","ethane","benzene"],"answer":2,"image":""},
{"question":"The unit of concentration is","options":["mol/dm³","kg/m","Pa","N"],"answer":0,"image":""},
{"question":"The most reactive metal among these is","options":["Na","Cu","Ag","Au"],"answer":0,"image":""},
{"question":"The shape of methane is","options":["linear","trigonal","tetrahedral","bent"],"answer":2,"image":""},
{"question":"Which acid is found in vinegar?","options":["HCl","H2SO4","CH3COOH","HNO3"],"answer":2,"image":""},

{"question":"Which is a strong base?","options":["NH3","NaOH","H2O","CO2"],"answer":1,"image":""},
{"question":"The oxidation number of O in H2O2 is","options":["-1","-2","+2","0"],"answer":0,"image":""},
{"question":"Which is an alkene?","options":["C2H6","C3H8","C2H4","C4H10"],"answer":2,"image":""},
{"question":"Which is an endothermic process?","options":["combustion","neutralization","photosynthesis","respiration"],"answer":2,"image":""},
{"question":"Which gas is produced in fermentation?","options":["O2","CO2","H2","N2"],"answer":1,"image":""},

{"question":"Which element has valency 3?","options":["Al","Na","Cl","O"],"answer":0,"image":""},
{"question":"The common ion effect reduces","options":["solubility","temperature","pressure","volume"],"answer":0,"image":""},
{"question":"Which is metallic bond?","options":["sea of electrons","ionic attraction","shared pair","hydrogen bond"],"answer":0,"image":""},
{"question":"The gas evolved when Zn reacts with HCl is","options":["O2","Cl2","H2","CO2"],"answer":2,"image":""},
{"question":"Which oxide is neutral?","options":["CO","CO2","Na2O","SO2"],"answer":0,"image":""},

{"question":"The oxidation number of Mn in KMnO4 is","options":["+7","+2","+4","+6"],"answer":0,"image":""},
{"question":"The element with symbol K is","options":["Potassium","Calcium","Krypton","Copper"],"answer":0,"image":""},
{"question":"The functional group of aldehyde is","options":["-COOH","-CHO","-OH","-NH2"],"answer":1,"image":""},
{"question":"Which process separates crude oil?","options":["distillation","filtration","evaporation","crystallization"],"answer":0,"image":""},
{"question":"Which compound contains ionic bond?","options":["H2O","CO2","NaCl","NH3"],"answer":2,"image":""},

{"question":"The oxidation state of Cl in NaClO is","options":["+1","-1","+2","0"],"answer":0,"image":""},
{"question":"Which is an oxidizing agent?","options":["gains electrons","loses electrons","neutral","metal"],"answer":0,"image":""},
{"question":"The number of periods in periodic table is","options":["7","8","6","9"],"answer":0,"image":""},
{"question":"Which element is in Group 17?","options":["Cl","Na","Mg","Ca"],"answer":0,"image":""},
{"question":"The oxidation number of nitrogen in NH3 is","options":["-3","+3","+5","0"],"answer":0,"image":""}
]