[
{"question":"A body moves with constant velocity. What is its acceleration?","options":["1 m/s²","0 m/s²","9.8 m/s²","-1 m/s²"],"answer":1,"image":""},
{"question":"What is the SI unit of force?","options":["Joule","Newton","Watt","Pascal"],"answer":1,"image":""},
{"question":"A car accelerates from rest at 2 m/s². Find its velocity after 5 s.","options":["5 m/s","8 m/s","10 m/s","12 m/s"],"answer":2,"image":""},
{"question":"Momentum is defined as","options":["mass × velocity","mass × acceleration","force × time","energy × time"],"answer":0,"image":""},
{"question":"Work done is maximum when angle between force and displacement is","options":["0°","30°","60°","90°"],"answer":0,"image":""},
{"question":"The unit of electric current is","options":["Volt","Ohm","Ampere","Coulomb"],"answer":2,"image":""},
{"question":"Ohm's law states that V is proportional to","options":["R","I","P","Q"],"answer":1,"image":""},
{"question":"If R = 5Ω and I = 2A, find V.","options":["5V","7V","10V","15V"],"answer":2,"image":""},
{"question":"Acceleration due to gravity on earth is approximately","options":["8.9 m/s²","9.8 m/s²","10.8 m/s²","12 m/s²"],"answer":1,"image":""},
{"question":"The energy stored in a stretched spring is","options":["kinetic","chemical","potential","nuclear"],"answer":2,"image":""},

{"question":"A wave with frequency 50 Hz has period","options":["0.02 s","0.2 s","2 s","20 s"],"answer":0,"image":""},
{"question":"The speed of light in vacuum is","options":["3×10^6 m/s","3×10^7 m/s","3×10^8 m/s","3×10^9 m/s"],"answer":2,"image":""},
{"question":"The instrument used to measure potential difference is","options":["Ammeter","Voltmeter","Galvanometer","Hydrometer"],"answer":1,"image":""},
{"question":"Power is measured in","options":["Watt","Joule","Newton","Pascal"],"answer":0,"image":""},
{"question":"A 2kg body moving at 3m/s has momentum","options":["5 kgm/s","6 kgm/s","7 kgm/s","8 kgm/s"],"answer":1,"image":""},
{"question":"Refraction occurs due to change in","options":["frequency","speed","amplitude","wavelength only"],"answer":1,"image":""},
{"question":"The image formed by a plane mirror is","options":["real","virtual","inverted","magnified"],"answer":1,"image":""},
{"question":"Resistivity depends on","options":["length","area","material","voltage"],"answer":2,"image":""},
{"question":"Pressure is force divided by","options":["volume","area","mass","density"],"answer":1,"image":""},
{"question":"Unit of pressure is","options":["Newton","Pascal","Joule","Watt"],"answer":1,"image":""},

{"question":"A body falls freely. Its velocity increases due to","options":["mass","gravity","air","density"],"answer":1,"image":""},
{"question":"Mechanical advantage is load divided by","options":["force","effort","power","work"],"answer":1,"image":""},
{"question":"Specific heat capacity unit is","options":["J/kgK","J/kg","kg/J","W/kg"],"answer":0,"image":""},
{"question":"The nucleus of atom contains","options":["electrons","protons only","neutrons only","protons and neutrons"],"answer":3,"image":""},
{"question":"Half-life is time taken for","options":["full decay","double decay","half decay","no decay"],"answer":2,"image":""},

{"question":"Kinetic energy =","options":["mv","1/2mv²","mv²","2mv²"],"answer":1,"image":""},
{"question":"Unit of frequency is","options":["second","Hertz","metre","watt"],"answer":1,"image":""},
{"question":"Density is mass divided by","options":["area","volume","force","pressure"],"answer":1,"image":""},
{"question":"If f=100Hz, period =","options":["0.01s","0.1s","1s","10s"],"answer":0,"image":""},
{"question":"The law of conservation of energy states energy","options":["created","destroyed","transformed","lost"],"answer":2,"image":""},

{"question":"Sound cannot travel through","options":["air","water","steel","vacuum"],"answer":3,"image":""},
{"question":"Current is measured using","options":["ammeter","voltmeter","ohmmeter","barometer"],"answer":0,"image":""},
{"question":"Unit of charge is","options":["Volt","Ampere","Coulomb","Ohm"],"answer":2,"image":""},
{"question":"The force attracting objects to earth is","options":["magnetism","friction","gravity","tension"],"answer":2,"image":""},
{"question":"The slope of velocity-time graph gives","options":["distance","acceleration","speed","displacement"],"answer":1,"image":""},

{"question":"A transformer works on principle of","options":["reflection","refraction","electromagnetic induction","electrolysis"],"answer":2,"image":""},
{"question":"Unit of power is","options":["Watt","Newton","Joule","Pascal"],"answer":0,"image":""},
{"question":"A convex lens produces real image when object is","options":["at focus","beyond focus","inside focus","at infinity"],"answer":1,"image":""},
{"question":"Boiling point of water at 1 atm is","options":["90°C","95°C","100°C","110°C"],"answer":2,"image":""},
{"question":"Efficiency = useful output divided by","options":["input","output","power","time"],"answer":0,"image":""},

{"question":"Velocity is a","options":["scalar","vector","tensor","unit"],"answer":1,"image":""},
{"question":"Resistance unit is","options":["Ohm","Volt","Ampere","Watt"],"answer":0,"image":""},
{"question":"Unit of magnetic flux is","options":["Tesla","Weber","Henry","Farad"],"answer":1,"image":""},
{"question":"Energy unit is","options":["Newton","Joule","Watt","Pascal"],"answer":1,"image":""},
{"question":"Force equals mass times","options":["velocity","speed","acceleration","momentum"],"answer":2,"image":""},

{"question":"A ray passing through center of lens is","options":["refracted","reflected","undeviated","absorbed"],"answer":2,"image":""},
{"question":"Echo is due to","options":["refraction","reflection","diffraction","interference"],"answer":1,"image":""},
{"question":"Unit of capacitance is","options":["Henry","Farad","Tesla","Weber"],"answer":1,"image":""},
{"question":"A body in equilibrium has net force","options":["1N","0N","9.8N","10N"],"answer":1,"image":""},
{"question":"Specific gravity has no","options":["mass","unit","volume","weight"],"answer":1,"image":""},

{"question":"Electric power =","options":["VI","IR","V/R","I/R"],"answer":0,"image":""},
{"question":"Unit of work is","options":["Watt","Newton","Joule","Pascal"],"answer":2,"image":""},
{"question":"Projectile motion path is","options":["circle","ellipse","parabola","line"],"answer":2,"image":""},
{"question":"The mirror used as rear-view is","options":["plane","convex","concave","none"],"answer":1,"image":""},
{"question":"Heat transfer by vacuum is","options":["conduction","convection","radiation","evaporation"],"answer":2,"image":""},

{"question":"Unit of inductance is","options":["Farad","Henry","Tesla","Weber"],"answer":1,"image":""},
{"question":"SI unit of temperature is","options":["°C","Kelvin","Fahrenheit","Rankine"],"answer":1,"image":""},
{"question":"A 5kg object has weight (g=10)","options":["50N","5N","10N","15N"],"answer":0,"image":""},
{"question":"The time taken for one oscillation is","options":["frequency","period","speed","velocity"],"answer":1,"image":""},
{"question":"Charge on electron is","options":["1.6×10^-19C","1.6×10^19C","9.8C","0C"],"answer":0,"image":""},

{"question":"If velocity doubles, KE becomes","options":["double","triple","four times","half"],"answer":2,"image":""},
{"question":"Parallel resistors have same","options":["current","voltage","resistance","power"],"answer":1,"image":""},
{"question":"Series resistors have same","options":["voltage","current","power","energy"],"answer":1,"image":""},
{"question":"Moment of force =","options":["F × d","F/d","d/F","F + d"],"answer":0,"image":""},
{"question":"Unit of momentum is","options":["kgm/s","N","J","W"],"answer":0,"image":""},

{"question":"Critical angle occurs in","options":["reflection","refraction","total internal reflection","diffusion"],"answer":2,"image":""},
{"question":"Thermometer measures","options":["pressure","temperature","heat","density"],"answer":1,"image":""},
{"question":"Sound frequency determines","options":["pitch","loudness","speed","echo"],"answer":0,"image":""},
{"question":"Unit of density is","options":["kg/m³","kg/m","m/kg","kg³"],"answer":0,"image":""},
{"question":"Mechanical energy =","options":["KE+PE","KE-PE","PE only","KE only"],"answer":0,"image":""},

{"question":"Acceleration is change in","options":["distance","velocity","speed","time"],"answer":1,"image":""},
{"question":"Transformer increases voltage in","options":["step-down","step-up","rectifier","oscillator"],"answer":1,"image":""},
{"question":"A concave mirror can form","options":["real and virtual","only real","only virtual","none"],"answer":0,"image":""},
{"question":"Boiling increases with","options":["pressure","temperature","volume","density"],"answer":0,"image":""},
{"question":"Unit of electric field is","options":["N/C","J","W","C/N"],"answer":0,"image":""},

{"question":"The path of electron in magnetic field is","options":["straight","circular","parabolic","random"],"answer":1,"image":""},
{"question":"Heat required to change state is","options":["specific heat","latent heat","heat capacity","thermal energy"],"answer":1,"image":""},
{"question":"Unit of frequency is","options":["Hz","m/s","J","Pa"],"answer":0,"image":""},
{"question":"Newton's first law is law of","options":["acceleration","inertia","force","energy"],"answer":1,"image":""},
{"question":"Unit of gravitational constant is","options":["Nm²/kg²","N/kg","kg/m²","Nm"],"answer":0,"image":""}
]